Country/Territory,Traditional,Survival,Traditional_vs_Secular,Survival_vs_Self_Expression,Traditional_vs_Secular_Transformed,Survival_vs_Self_Expression_Transformed
Algeria,0.2958920129596832,0.016743157806499154,-0.2958920129596832,-0.016743157806499154,-1.8183268605669038,-0.1557127446716466
Argentina,0.1539600717839002,0.016743157806499154,-0.1539600717839002,-0.016743157806499154,-0.20203631784076723,-0.1557127446716466
China,0.06033310313031588,0.3059956426705016,-0.06033310313031588,-0.3059956426705016,0.8641675452592538,-1.8199705597222056
France,0.0731310340973526,-0.18590678667905947,-0.0731310340973526,0.18590678667905947,0.7184274488642868,1.0102642874296432
Germany,0.04493709595192587,-0.18590678667905947,-0.04493709595192587,0.18590678667905947,1.0394939770125973,1.0102642874296432
India,0.22199117850341107,0.016743157806499154,-0.22199117850341107,-0.016743157806499154,-0.9767599881508541,-0.1557127446716466
Russia,0.15290159629038585,0.11893415545306289,-0.15290159629038585,-0.11893415545306289,-0.18998262565772453,-0.7436840685517843
United States,0.08660254037844387,-0.18590678667905947,-0.08660254037844387,0.18590678667905947,0.5650168210801111,1.0102642874296432
